"dataset","chrColumn","bpColumn","traitCol","yAxisColumn","logP","axisLim","axisMin","axisMax","organism","plotAll","supportInterval","SIyAxisColumn","SIbpStart","SIbpEnd","SIaxisLimBool","SIaxisMin","SIaxisMax"
"Maize282.AllDatasetsSNPs.max","chr {character}","bp {integer}","cofactor {integer};phenotype {character};loc {character}","logP {numeric}",FALSE,FALSE,0,1,"Corn",FALSE,FALSE,"chr","bp","bp",TRUE,0,1
"arabanthocyanin10kw.pvals.csv","chr {character}","position {integer}","gve {character}","score {numeric}",FALSE,FALSE,0,1,"Arabidopsis",TRUE,FALSE,"score","position","position",FALSE,0,1
"Example GWAS Data","chr {character}","bp {integer}","loc {character};Trait {character}","avgPval {numeric}",TRUE,FALSE,0,1,"Corn",FALSE,FALSE,"numIterations","bp","bp",TRUE,0,1
"RiceDiversity.44k.MSU6.GWAS.csv","CHR {character}","position.IRGSP.v4 {integer}","variable {character}","logP {numeric}",FALSE,FALSE,0,1,"Arabidopsis",FALSE,FALSE,"CHR","SNPID","SNPID",TRUE,0,1
"Example GWAS with JL","chr {character}","bp {integer}","loc {character};Trait {character}","modIncProb {numeric}",FALSE,TRUE,0,1,"Corn",FALSE,TRUE,"F","lowerCIbp","upperCIbp",FALSE,0,1
"Pigeonpea GWAS","Chromosome {character}","Position {integer}","Trait {character}","p_value {numeric}",FALSE,FALSE,0,1,"Pigeonpea",FALSE,FALSE,"Chromosome","Position","Position",FALSE,0,1
"totalnod_results","Chromosome {character}","pos {integer}","Trait {character}","P.value {numeric}",TRUE,FALSE,0,1,"Medicago truncatula",FALSE,FALSE,"Chromosome","pos","pos",FALSE,0,1
"occupancyB_results","Chromosome {character}","pos {integer}","Trait {character}","P.value {numeric}",TRUE,FALSE,0,1,"Medicago truncatula",FALSE,FALSE,"Chromosome","pos","pos",FALSE,0,1
"Soybean GWAS","chromosome {character}","position {integer}","phenotype {character}","p_value {numeric}",TRUE,FALSE,0,1,"Soybean",FALSE,FALSE,"Chromosome","Position","Position",FALSE,0,1
"Arabidopsis thaliana GWAS","Chromosome {character}","Position {integer}","Trait {character}","P.Value {numeric}",TRUE,FALSE,0,1,"Arabidopsis thaliana",FALSE,FALSE,"Chromosome","Position","Position",FALSE,0,1
"Cowpea GWAS","Chromosome {character}","Position {integer}","Trait {character}","p_value {numeric}",FALSE,FALSE,0,1,"Cowpea",FALSE,FALSE,"Chromosome","Position","Position",FALSE,0,1
"Medicago truncatula GWAS","Chromosome {character}","pos {integer}","Trait {character}","P.value {numeric}",TRUE,FALSE,0,1,"Medicago truncatula",FALSE,FALSE,"Chromosome","pos","pos",FALSE,0,1
